mutation class,binding energy,pocket volume,bottleneck radius,length, enzymatic activity
151D-L-187F-P,-6.94,,,,
151D-L-187F-A,-7.25,1441,2,5.7,85.65
151D-F-187F-T,-6.77,1179,2,5.4,66.7
151D-K-187F-E,-6.44,659,2.5,2.4,85.13
151D-P-187F-E,-5.02,1267,2.2,3.4,93.89
151D-L-187F-L,-6.34,1502,2,5.3,57.75
151D-V-187F-T,-6.16,1262,2.1,4.9,49.01
151D-L-187F-H,-6.34,1487,2,4.9,54.78
151D-R-187F-A,-5.95,729,2.1,5.3,12.26
151D-T-187F-P,-6.21,1229,2,4.9,40.33
151D-K-187F-S,-6.34,653,2.5,2.4,99.75
151D-T-187F-K,-6.26,1286,2,5.3,107.59
151D-L-187F-K,-5.89,1414,2,4.9,66.61
151D-T-187F-N,-5.23,1217,2,4.9,94.89
151D-L-187F-Q,-5.8,1517,2,5.3,32.86
151D-G-187F-L,-6.47,1222,2.2,3,8.96
151D-R-187F-S,-5.75,618,2.1,5.3,81.47
151D-L-187F-G,-6.72,1234,2,4.9,10.3
151D-S-187F-R,-5.59,1273,2,4.9,19.42
151D-S-187F-P,-7.16,1250,2,5.4,50.65
151D-G-187F-L,-5.22,661,2.5,2.8,37.47
151D-R-187F-S,-6.36,647,2.1,5.3,36.04
151D-Y-187F-C,-3.83,1242,2.2,3,42.82
151D-F-187F-L,-5.98,1176,2,4.9,92.43
